Title,Media URL,Pinterest board,Thumbnail,Description,Link,Publish date,Keywords
Dark Moody Luxe Instagram Story Templates: 60 Stories That Read Expensive,https://cdn.jsdelivr.net/gh/ilsetanis/ava-vae-pins@main/ava-vae-ava-vae-shop-w37-97edf10d.png,Ava Vae Shop,,"Stories that stop the scroll and still look like you. The Dark Moody Luxe kit gives you 60 Instagram story layouts in deep charcoal, warm gold accents and calm serif type: tips, offers, FAQs, quotes and booking prompts. Drag your photos in, change the colors to your brand, export and post. Made for beauty pros, coaches and small studios. Instant download, edit in free Canva.",https://www.etsy.com/listing/4561119199/luxury-instagram-story-templates-canva?utm_source=pinterest&utm_medium=organic&utm_campaign=stories&utm_content=ava-w37-p001,2026-09-08T06:19:00,"instagram story template, story instagram ideas, ig story ideas, aesthetic instagram stories, instagram aesthetic, small business instagram stories, instagram feed aesthetic, insta post ideas, instagram story ideas, instagram story templates canva"
"Mocha Velvet Instagram Story Templates: 60 Warm, Calm Stories",https://cdn.jsdelivr.net/gh/ilsetanis/ava-vae-pins@main/ava-vae-ava-vae-shop-w37-dc49958a.png,Ava Vae Shop,,"Stories that stop the scroll and still look like you. The Mocha Velvet kit gives you 60 Instagram story layouts in mocha browns, cream and soft editorial type: tips, offers, FAQs, quotes and booking prompts. Drag your photos in, change the colors to your brand, export and post. Made for beauty pros, coaches and small studios. Instant download, edit in free Canva.",https://avavae.com/product/mocha-velvet-instagram-story-templates?style=mocha%20velvet&utm_source=pinterest&utm_medium=organic&utm_campaign=stories&utm_content=ava-w37-p002,2026-09-08T08:12:00,"instagram story template, story instagram ideas, ig story ideas, aesthetic instagram stories, beauty business instagram, instagram feed aesthetic, instagram story templates canva, small business instagram stories, instagram story templates, coaching instagram story templates"
"Hair Salon Instagram Post Ideas, Done for You: 60 Aesthetic Posts for Hairstylists",https://cdn.jsdelivr.net/gh/ilsetanis/ava-vae-pins@main/ava-vae-hair-salon-instagram-pos-w37-68e6979f.png,Hair Salon Instagram Posts,,"Stop rewriting the same caption every week. 60 Hair Salon Instagram posts in the Aesthetic edition, styled in warm neutrals, soft beige and calm serif typography, so your feed finally looks like one brand. Drag your own photos in, change the colors to your brand, export and post. Made for hairstylists who are great behind the chair and short on time. Instant download, edit in free Canva.",https://avavae.com/product/hair-instagram-post-templates?style=aesthetic&utm_source=pinterest&utm_medium=organic&utm_campaign=hair&utm_content=ava-w37-p003,2026-09-08T08:37:00,"hair salon aesthetic, hairstylist aesthetic, insta post ideas, hair salon ideas, small hair salon, hair salon instagram post ideas, luxury hair salon aesthetic, hair salon instagram story ideas, salon content ideas for instagram, hair stylist instagram captions"
"Nail Salon Instagram Post Ideas, Done for You: 60 Aesthetic Posts for Nail Techs",https://cdn.jsdelivr.net/gh/ilsetanis/ava-vae-pins@main/ava-vae-nail-salon-instagram-pos-w37-b213203c.png,Nail Salon Instagram Posts,,"Stop rewriting the same caption every week. 60 Nail Salon Instagram posts in the Aesthetic edition, styled in warm neutrals, soft beige and calm serif typography, so your feed finally looks like one brand. Drag your own photos in, change the colors to your brand, export and post. Made for nail techs who are great behind the chair and short on time. Instant download, edit in free Canva.",https://www.etsy.com/listing/4471780391/nail-salon-canva-templates-for-nail?utm_source=pinterest&utm_medium=organic&utm_campaign=nails&utm_content=ava-w37-p004,2026-09-08T09:37:00,"nail tech aesthetic, nail studio, nail salon aesthetic, insta post ideas, nail salon feed layout, nail salon post ideas, nail tech instagram, nail tech instagram story ideas, nail salon instagram feed, nail salon highlight cover"
"Rosé Noir Instagram Story Templates: 60 Bold, Feminine Stories",https://cdn.jsdelivr.net/gh/ilsetanis/ava-vae-pins@main/ava-vae-ava-vae-shop-w37-ed1e292b.png,Ava Vae Shop,,"Stories that stop the scroll and still look like you. The Rosé Noir kit gives you 60 Instagram story layouts in deep burgundy, rosé pink and refined serif type: tips, offers, FAQs, quotes and booking prompts. Drag your photos in, change the colors to your brand, export and post. Made for beauty pros, coaches and small studios. Instant download, edit in free Canva.",https://avavae.com/product/rose-noir-instagram-story-templates?style=rosé%20noir&utm_source=pinterest&utm_medium=organic&utm_campaign=stories&utm_content=ava-w37-p005,2026-09-08T10:36:00,"instagram story template, story instagram ideas, ig story ideas, aesthetic instagram stories, instagram story ideas for business, instagram story ideas, instagram story design, coaching instagram story templates, instagram aesthetic, instagram feed aesthetic"
"Fresh Teal Instagram Story Templates: 60 Clean, Clinical-Calm Stories",https://cdn.jsdelivr.net/gh/ilsetanis/ava-vae-pins@main/ava-vae-ava-vae-shop-w37-7b5878d4.png,Ava Vae Shop,,"Stories that stop the scroll and still look like you. The Fresh Teal kit gives you 60 Instagram story layouts in fresh teal, mint and clean modern type: tips, offers, FAQs, quotes and booking prompts. Drag your photos in, change the colors to your brand, export and post. Made for beauty pros, coaches and small studios. Instant download, edit in free Canva.",https://avavae.com/product/fresh-teal-instagram-story-templates?style=fresh%20teal&utm_source=pinterest&utm_medium=organic&utm_campaign=stories&utm_content=ava-w37-p006,2026-09-08T13:05:00,"instagram story template, story instagram ideas, ig story ideas, aesthetic instagram stories, instagram story design, instagram aesthetic, insta post ideas, beauty business instagram, small business instagram stories, coaching instagram story templates"
It's 10pm and the Canvas Is Blank Again: Instagram Kits for Beauty Pros,https://cdn.jsdelivr.net/gh/ilsetanis/ava-vae-pins@main/ava-vae-ava-vae-shop-w37-a0ced578.png,Ava Vae Shop,,"It's 10pm, the day is done, and the feed still needs a post. The Ava Vae kits give beauty pros 300 done-for-you templates per niche: posts, stories and reels that look like one brand. Drag your photos in, change the colors, post for months. Instant download, edit in free Canva.",https://www.etsy.com/shop/AvaVae?utm_source=pinterest&utm_medium=organic&utm_campaign=bundles&utm_content=ava-w37-p007,2026-09-08T13:34:00,"social media design, social media post design, post ideas for instagram, insta post ideas, salon instagram feed, instagram story template, beauty salon instagram post ideas, salon social media post design, done for you instagram templates, instagram feed ideas beauty"
"Med Spa Instagram Post Ideas, Done for You: 60 Aesthetic Posts for Injectors And Med Spas",https://cdn.jsdelivr.net/gh/ilsetanis/ava-vae-pins@main/ava-vae-med-spa-instagram-posts-w37-8df576de.png,Med Spa Instagram Posts,,"Stop rewriting the same caption every week. 60 Med Spa Instagram posts in the Aesthetic edition, styled in warm neutrals, soft beige and calm serif typography, so your feed finally looks like one brand. Drag your own photos in, change the colors to your brand, export and post. Made for injectors and med spas who are great behind the chair and short on time. Instant download, edit in free Canva.",https://avavae.com/product/med-spa-instagram-post-templates?style=aesthetic&utm_source=pinterest&utm_medium=organic&utm_campaign=med-spa&utm_content=ava-w37-p008,2026-09-08T14:16:00,"med spa aesthetic, med spa, wellness spa aesthetic, insta post ideas, medspa instagram posts, med spa social media, aesthetic nurse instagram, med spa instagram post ideas, botox instagram story, medspa aesthetic feed"
Luxury Instagram Stories in Dark Moody Tones: 60 Editable Layouts,https://cdn.jsdelivr.net/gh/ilsetanis/ava-vae-pins@main/ava-vae-ava-vae-shop-w37-a861eb78.png,Ava Vae Shop,,"One colorway, one calm feed. 60 Dark Moody Luxe Instagram story templates in deep charcoal, warm gold accents and calm serif type, designed so every story matches the last. Swap your photos, keep your brand colors, post daily. Instant download.",https://avavae.com/product/dark-moody-luxe-instagram-story-templates?style=dark%20moody%20luxe&utm_source=pinterest&utm_medium=organic&utm_campaign=stories&utm_content=ava-w37-p009,2026-09-08T15:56:00,"instagram story template, story instagram ideas, ig story ideas, aesthetic instagram stories, instagram story templates canva, insta post ideas, instagram story templates, instagram feed aesthetic, instagram story design, instagram aesthetic"
"Instagram Story Templates for Beauty Pros: 10 Colorways, 60 Stories Each",https://cdn.jsdelivr.net/gh/ilsetanis/ava-vae-pins@main/ava-vae-ava-vae-shop-w37-39be5e33.png,Ava Vae Shop,,"Instagram story templates for beauty pros in ten colorways, 60 stories each: booking, FAQs, offers and daily posts that match your feed. Fully editable in free Canva. Instant download.",https://www.etsy.com/shop/AvaVae?utm_source=pinterest&utm_medium=organic&utm_campaign=stories&utm_content=ava-w37-p010,2026-09-08T16:21:00,"instagram story template, story instagram ideas, ig story ideas, aesthetic instagram stories, instagram story templates, instagram aesthetic, instagram story design, instagram story templates canva, instagram feed aesthetic, insta post ideas"
Summer Brights Instagram Story Templates: 60 Colorful Stories,https://cdn.jsdelivr.net/gh/ilsetanis/ava-vae-pins@main/ava-vae-ava-vae-shop-w37-b8455363.png,Ava Vae Shop,,"Stories that stop the scroll and still look like you. The Summer Brights kit gives you 60 Instagram story layouts in bright coral, sunshine yellow and playful type: tips, offers, FAQs, quotes and booking prompts. Drag your photos in, change the colors to your brand, export and post. Made for beauty pros, coaches and small studios. Instant download, edit in free Canva.",https://avavae.com/product/summer-brights-instagram-story-templates?style=summer%20brights&utm_source=pinterest&utm_medium=organic&utm_campaign=stories&utm_content=ava-w37-p011,2026-09-08T16:50:00,"instagram story template, story instagram ideas, ig story ideas, aesthetic instagram stories, insta post ideas, coaching instagram story templates, instagram aesthetic, instagram story templates, beauty business instagram, instagram story templates canva"
Desert Boho Instagram Story Templates: 60 Warm Earthy Stories,https://cdn.jsdelivr.net/gh/ilsetanis/ava-vae-pins@main/ava-vae-ava-vae-shop-w37-83480018.png,Ava Vae Shop,,"Stories that stop the scroll and still look like you. The Desert Boho kit gives you 60 Instagram story layouts in terracotta, sand and relaxed boho type: tips, offers, FAQs, quotes and booking prompts. Drag your photos in, change the colors to your brand, export and post. Made for beauty pros, coaches and small studios. Instant download, edit in free Canva.",https://avavae.com/product/desert-boho-instagram-story-templates?style=desert%20boho&utm_source=pinterest&utm_medium=organic&utm_campaign=stories&utm_content=ava-w37-p012,2026-09-08T17:11:00,"instagram story template, story instagram ideas, ig story ideas, aesthetic instagram stories, instagram story ideas, instagram story design, instagram story templates, insta post ideas, small business instagram stories, instagram story templates canva"
"Massage Therapist Instagram Post Ideas, Done for You: 60 Aesthetic Posts for Massage Therapists",https://cdn.jsdelivr.net/gh/ilsetanis/ava-vae-pins@main/ava-vae-massage-spa-instagram-po-w37-06bf09c0.png,Massage & Spa Instagram Posts,,"Stop rewriting the same caption every week. 60 Massage Therapist Instagram posts in the Aesthetic edition, styled in warm neutrals, soft beige and calm serif typography, so your feed finally looks like one brand. Drag your own photos in, change the colors to your brand, export and post. Made for massage therapists who are great behind the chair and short on time. Instant download, edit in free Canva.",https://avavae.com/product/massage-instagram-post-templates?style=aesthetic&utm_source=pinterest&utm_medium=organic&utm_campaign=massage&utm_content=ava-w37-p013,2026-09-08T18:16:00,"massage therapist, massage therapy aesthetic, wellness studio, insta post ideas, wellness room, wellness aesthetic feed, massage therapy instagram content, spa social media, wellness instagram templates, massage business marketing"
"Free Brand Board Template for Beauty Pros: Your Colors, Fonts and Logo on One Page",https://cdn.jsdelivr.net/gh/ilsetanis/ava-vae-pins@main/ava-vae-ava-vae-shop-w37-4739203f.png,Ava Vae Shop,,"A free brand board template for hairstylists, nail techs, estheticians and studio owners: colors, fonts, logo and mood on one page, editable in free Canva. Set it once and every post matches. Free download at avavae.com.",https://avavae.com/free-brand-board?utm_source=pinterest&utm_medium=organic&utm_campaign=brand-board&utm_content=ava-w37-p014,2026-09-08T18:54:00,"brand identity, brand identity design, luxury logo, logo inspo, instagram feed aesthetic, hair stylist branding, brand board canva, brand board template, branding inspo, salon branding"
"Hair Salon Instagram Post Ideas, Done for You: 60 Luxury Posts for Hairstylists",https://cdn.jsdelivr.net/gh/ilsetanis/ava-vae-pins@main/ava-vae-hair-salon-instagram-pos-w37-4687227b.png,Hair Salon Instagram Posts,,"Stop rewriting the same caption every week. 60 Hair Salon Instagram posts in the Luxury edition, styled in deep browns, cream and editorial typography, so your feed finally looks like one brand. Drag your own photos in, change the colors to your brand, export and post. Made for hairstylists who are great behind the chair and short on time. Instant download, edit in free Canva.",https://www.etsy.com/listing/4468907848/hair-stylist-instagram-post-templates?utm_source=pinterest&utm_medium=organic&utm_campaign=hair&utm_content=ava-w37-p015,2026-09-08T19:38:00,"hair salon aesthetic, hairstylist aesthetic, insta post ideas, hair salon ideas, hair stylist instagram post ideas, hair stylist instagram highlight covers, hair salon social media posts, salon content ideas for instagram, hairdresser aesthetic, hairstylist content ideas"
"Soft Pastel Instagram Story Templates: 60 Gentle, Calm Stories",https://cdn.jsdelivr.net/gh/ilsetanis/ava-vae-pins@main/ava-vae-ava-vae-shop-w37-f677ff44.png,Ava Vae Shop,,"Stories that stop the scroll and still look like you. The Soft Pastel kit gives you 60 Instagram story layouts in soft lilac, butter yellow and gentle type: tips, offers, FAQs, quotes and booking prompts. Drag your photos in, change the colors to your brand, export and post. Made for beauty pros, coaches and small studios. Instant download, edit in free Canva.",https://avavae.com/product/soft-pastel-instagram-story-templates?style=soft%20pastel&utm_source=pinterest&utm_medium=organic&utm_campaign=stories&utm_content=ava-w37-p016,2026-09-08T20:14:00,"instagram story template, story instagram ideas, ig story ideas, aesthetic instagram stories, instagram story templates canva, insta post ideas, instagram story ideas, instagram story ideas for business, instagram story templates, instagram aesthetic"
Moody Luxe Instagram Story Kit: 60 Stories for Beauty Pros and Coaches,https://cdn.jsdelivr.net/gh/ilsetanis/ava-vae-pins@main/ava-vae-ava-vae-shop-w37-75be3ca1.png,Ava Vae Shop,,"Stories that stop the scroll and still look like you. The Dark Moody Luxe kit gives you 60 Instagram story layouts in deep charcoal, warm gold accents and calm serif type: tips, offers, FAQs, quotes and booking prompts. Drag your photos in, change the colors to your brand, export and post. Made for beauty pros, coaches and small studios. Instant download, edit in free Canva.",https://avavae.com/product/dark-moody-luxe-instagram-story-templates?style=dark%20moody%20luxe&utm_source=pinterest&utm_medium=organic&utm_campaign=stories&utm_content=ava-w37-p017,2026-09-08T20:47:00,"instagram story template, story instagram ideas, ig story ideas, aesthetic instagram stories, instagram story ideas, instagram story templates canva, small business instagram stories, coaching instagram story templates, instagram story ideas for business, instagram story templates"
"Esthetician Instagram Post Ideas, Done for You: 60 Minimal Posts for Estheticians",https://cdn.jsdelivr.net/gh/ilsetanis/ava-vae-pins@main/ava-vae-esthetician-instagram-po-w37-0a351ba0.png,Esthetician Instagram Posts,,"Stop rewriting the same caption every week. 60 Esthetician Instagram posts in the Minimal edition, styled in soft greys, white space and clean sans-serif type, so your feed finally looks like one brand. Drag your own photos in, change the colors to your brand, export and post. Made for estheticians who are great behind the chair and short on time. Instant download, edit in free Canva.",https://www.etsy.com/listing/4481702915/skincare-instagram-post-templates-60?utm_source=pinterest&utm_medium=organic&utm_campaign=skincare&utm_content=ava-w37-p018,2026-09-09T07:46:00,"esthetician aesthetic, esthetician marketing, esthetician branding photoshoot, insta post ideas, facial studio instagram, esthetician instagram, spa skincare aesthetic, skincare business instagram, esthetician instagram captions, esthetician instagram story ideas"
"Hair Salon Instagram Post Ideas, Done for You: 60 Minimal Posts for Hairstylists",https://cdn.jsdelivr.net/gh/ilsetanis/ava-vae-pins@main/ava-vae-hair-salon-instagram-pos-w37-44b2df85.png,Hair Salon Instagram Posts,,"Stop rewriting the same caption every week. 60 Hair Salon Instagram posts in the Minimal edition, styled in soft greys, white space and clean sans-serif type, so your feed finally looks like one brand. Drag your own photos in, change the colors to your brand, export and post. Made for hairstylists who are great behind the chair and short on time. Instant download, edit in free Canva.",https://avavae.com/product/hair-instagram-post-templates?style=minimal&utm_source=pinterest&utm_medium=organic&utm_campaign=hair&utm_content=ava-w37-p019,2026-09-09T08:25:00,"hair salon aesthetic, hairstylist aesthetic, insta post ideas, hair salon ideas, hair stylist instagram captions, hair stylist instagram, hair stylist instagram highlight covers, hair salon instagram feed, hair stylist branding, hair stylist instagram post ideas"
"Massage Therapist Instagram Post Ideas, Done for You: 60 Minimal Posts for Massage Therapists",https://cdn.jsdelivr.net/gh/ilsetanis/ava-vae-pins@main/ava-vae-massage-spa-instagram-po-w37-69c0661b.png,Massage & Spa Instagram Posts,,"Stop rewriting the same caption every week. 60 Massage Therapist Instagram posts in the Minimal edition, styled in soft greys, white space and clean sans-serif type, so your feed finally looks like one brand. Drag your own photos in, change the colors to your brand, export and post. Made for massage therapists who are great behind the chair and short on time. Instant download, edit in free Canva.",https://avavae.com/product/massage-instagram-post-templates?style=minimal&utm_source=pinterest&utm_medium=organic&utm_campaign=massage&utm_content=ava-w37-p020,2026-09-09T10:03:00,"massage therapist, massage therapy aesthetic, wellness studio, insta post ideas, massage therapist instagram, wellness instagram templates, day spa instagram, spa social media, massage therapy instagram posts, spa instagram post ideas"
"Modern Editorial Instagram Story Templates: 60 Sharp, Clean Stories",https://cdn.jsdelivr.net/gh/ilsetanis/ava-vae-pins@main/ava-vae-ava-vae-shop-w37-5ae30acc.png,Ava Vae Shop,,"Stories that stop the scroll and still look like you. The Modern Editorial kit gives you 60 Instagram story layouts in navy, ivory and sharp editorial type: tips, offers, FAQs, quotes and booking prompts. Drag your photos in, change the colors to your brand, export and post. Made for beauty pros, coaches and small studios. Instant download, edit in free Canva.",https://www.etsy.com/listing/4561159418/real-estate-instagram-story-templates?utm_source=pinterest&utm_medium=organic&utm_campaign=stories&utm_content=ava-w37-p021,2026-09-09T10:26:00,"instagram story template, story instagram ideas, ig story ideas, aesthetic instagram stories, small business instagram stories, instagram story design, instagram story templates canva, insta post ideas, instagram feed aesthetic, instagram story ideas"
"Esthetician Instagram Post Ideas, Done for You: 60 Aesthetic Posts for Estheticians",https://cdn.jsdelivr.net/gh/ilsetanis/ava-vae-pins@main/ava-vae-esthetician-instagram-po-w37-c5a4e5c4.png,Esthetician Instagram Posts,,"Stop rewriting the same caption every week. 60 Esthetician Instagram posts in the Aesthetic edition, styled in warm neutrals, soft beige and calm serif typography, so your feed finally looks like one brand. Drag your own photos in, change the colors to your brand, export and post. Made for estheticians who are great behind the chair and short on time. Instant download, edit in free Canva.",https://avavae.com/product/skincare-instagram-post-templates?style=aesthetic&utm_source=pinterest&utm_medium=organic&utm_campaign=skincare&utm_content=ava-w37-p022,2026-09-09T13:07:00,"esthetician aesthetic, esthetician marketing, esthetician branding photoshoot, insta post ideas, esthetician instagram story ideas, spa skincare aesthetic, skincare aesthetic, esthetician instagram captions, esthetician branding, esthetician instagram"
Boho Instagram Stories in Desert Tones: 60 Editable Layouts,https://cdn.jsdelivr.net/gh/ilsetanis/ava-vae-pins@main/ava-vae-ava-vae-shop-w37-d0e6b40d.png,Ava Vae Shop,,"One colorway, one calm feed. 60 Desert Boho Instagram story templates in terracotta, sand and relaxed boho type, designed so every story matches the last. Swap your photos, keep your brand colors, post daily. Instant download.",https://avavae.com/product/desert-boho-instagram-story-templates?style=desert%20boho&utm_source=pinterest&utm_medium=organic&utm_campaign=stories&utm_content=ava-w37-p023,2026-09-09T13:44:00,"instagram story template, story instagram ideas, ig story ideas, aesthetic instagram stories, coaching instagram story templates, instagram story templates canva, instagram story ideas for business, beauty business instagram, instagram story templates, small business instagram stories"
"Med Spa Instagram Bundle: 300 Aesthetic Posts, Stories and Reels for Injectors And Med Spas",https://cdn.jsdelivr.net/gh/ilsetanis/ava-vae-pins@main/ava-vae-med-spa-branding-social--w37-3bce16cb.png,Med Spa Branding & Social Media Kits,,"One kit, every post. The Med Spa Instagram bundle gives injectors and med spas 300 templates in the Aesthetic edition: 60 posts, 60 stories, 30 reels and more, all in warm neutrals, soft beige and calm serif typography. Drag your photos in, change the colors to your brand, post for months. Instant download, edit in free Canva.",https://avavae.com/product/med-spa-instagram-bundle?style=aesthetic&utm_source=pinterest&utm_medium=organic&utm_campaign=med-spa&utm_content=ava-w37-p024,2026-09-09T16:01:00,"med spa aesthetic, med spa, wellness spa aesthetic, insta post ideas, social media design, med spa social media, med spa instagram, nurse injector branding, injector instagram, botox instagram reels"
"Med Spa Instagram Bundle: 300 Luxury Posts, Stories and Reels for Injectors And Med Spas",https://cdn.jsdelivr.net/gh/ilsetanis/ava-vae-pins@main/ava-vae-med-spa-branding-social--w37-6c45f7dc.png,Med Spa Branding & Social Media Kits,,"One kit, every post. The Med Spa Instagram bundle gives injectors and med spas 300 templates in the Luxury edition: 60 posts, 60 stories, 30 reels and more, all in deep browns, cream and editorial typography. Drag your photos in, change the colors to your brand, post for months. Instant download, edit in free Canva.",https://www.etsy.com/listing/4487790966/nurse-injector-instagram-templates?utm_source=pinterest&utm_medium=organic&utm_campaign=med-spa&utm_content=ava-w37-p025,2026-09-09T16:28:00,"med spa aesthetic, med spa, wellness spa aesthetic, insta post ideas, botox instagram post ideas, botox instagram story, wellness studio, medspa instagram posts, medspa marketing, botox instagram reels"
"Med Spa Instagram Bundle: 300 Minimal Posts, Stories and Reels for Injectors And Med Spas",https://cdn.jsdelivr.net/gh/ilsetanis/ava-vae-pins@main/ava-vae-med-spa-branding-social--w37-c5f4b2ad.png,Med Spa Branding & Social Media Kits,,"One kit, every post. The Med Spa Instagram bundle gives injectors and med spas 300 templates in the Minimal edition: 60 posts, 60 stories, 30 reels and more, all in soft greys, white space and clean sans-serif type. Drag your photos in, change the colors to your brand, post for months. Instant download, edit in free Canva.",https://avavae.com/product/med-spa-instagram-bundle?style=minimal&utm_source=pinterest&utm_medium=organic&utm_campaign=med-spa&utm_content=ava-w37-p026,2026-09-09T17:53:00,"med spa aesthetic, med spa, wellness spa aesthetic, insta post ideas, medspa marketing, wellness studio, botox instagram story, social media design, med spa instagram, botox instagram post ideas"
"Hair Salon Instagram Bundle: 300 Aesthetic Posts, Stories and Reels for Hairstylists",https://cdn.jsdelivr.net/gh/ilsetanis/ava-vae-pins@main/ava-vae-hair-salon-branding-soci-w37-6dfeac08.png,Hair Salon Branding & Social Media Kits,,"One kit, every post. The Hair Salon Instagram bundle gives hairstylists 300 templates in the Aesthetic edition: 60 posts, 60 stories, 30 reels and more, all in warm neutrals, soft beige and calm serif typography. Drag your photos in, change the colors to your brand, post for months. Instant download, edit in free Canva.",https://avavae.com/product/hair-instagram-bundle?style=aesthetic&utm_source=pinterest&utm_medium=organic&utm_campaign=hair&utm_content=ava-w37-p027,2026-09-09T18:21:00,"hair salon aesthetic, hairstylist aesthetic, insta post ideas, hair salon ideas, hair stylist instagram highlight covers, hairdresser aesthetic, hair stylist branding, social media post design, hair stylist instagram post ideas, hair stylist instagram"
"Hair Salon Instagram Bundle: 300 Luxury Posts, Stories and Reels for Hairstylists",https://cdn.jsdelivr.net/gh/ilsetanis/ava-vae-pins@main/ava-vae-hair-salon-branding-soci-w37-31331671.png,Hair Salon Branding & Social Media Kits,,"One kit, every post. The Hair Salon Instagram bundle gives hairstylists 300 templates in the Luxury edition: 60 posts, 60 stories, 30 reels and more, all in deep browns, cream and editorial typography. Drag your photos in, change the colors to your brand, post for months. Instant download, edit in free Canva.",https://www.etsy.com/listing/4469036092/hair-salon-instagram-bundle-templates?utm_source=pinterest&utm_medium=organic&utm_campaign=hair&utm_content=ava-w37-p028,2026-09-09T18:44:00,"hair salon aesthetic, hairstylist aesthetic, insta post ideas, hair salon ideas, social media design, hair stylist instagram highlight covers, luxury hair salon aesthetic, hair salon social media posts, hairstylist content ideas, hair salon instagram post ideas"
"Hair Salon Instagram Bundle: 300 Minimal Posts, Stories and Reels for Hairstylists",https://cdn.jsdelivr.net/gh/ilsetanis/ava-vae-pins@main/ava-vae-hair-salon-branding-soci-w37-874ec0e0.png,Hair Salon Branding & Social Media Kits,,"One kit, every post. The Hair Salon Instagram bundle gives hairstylists 300 templates in the Minimal edition: 60 posts, 60 stories, 30 reels and more, all in soft greys, white space and clean sans-serif type. Drag your photos in, change the colors to your brand, post for months. Instant download, edit in free Canva.",https://avavae.com/product/hair-instagram-bundle?style=minimal&utm_source=pinterest&utm_medium=organic&utm_campaign=hair&utm_content=ava-w37-p029,2026-09-09T19:04:00,"hair salon aesthetic, hairstylist aesthetic, insta post ideas, hair salon ideas, salon content ideas for instagram, hairdresser aesthetic, hair stylist instagram post ideas, hairstylist content ideas, hair salon instagram post ideas, hair salon instagram story ideas"
"Massage Therapist Instagram Bundle: 300 Aesthetic Posts, Stories and Reels for Massage Therapists",https://cdn.jsdelivr.net/gh/ilsetanis/ava-vae-pins@main/ava-vae-wellness-branding-social-w37-a7035f89.png,Wellness Branding & Social Media Kits,,"One kit, every post. The Massage Therapist Instagram bundle gives massage therapists 300 templates in the Aesthetic edition: 60 posts, 60 stories, 30 reels and more, all in warm neutrals, soft beige and calm serif typography. Drag your photos in, change the colors to your brand, post for months. Instant download, edit in free Canva.",https://avavae.com/product/massage-instagram-bundle?style=aesthetic&utm_source=pinterest&utm_medium=organic&utm_campaign=massage&utm_content=ava-w37-p030,2026-09-10T06:34:00,"massage therapist, massage therapy aesthetic, wellness studio, insta post ideas, massage therapist branding, social media post design, spa social media, wellness aesthetic feed, wellness room, wellness instagram templates"
"Massage Therapist Instagram Bundle: 300 Luxury Posts, Stories and Reels for Massage Therapists",https://cdn.jsdelivr.net/gh/ilsetanis/ava-vae-pins@main/ava-vae-wellness-branding-social-w37-1ae6a44a.png,Wellness Branding & Social Media Kits,,"One kit, every post. The Massage Therapist Instagram bundle gives massage therapists 300 templates in the Luxury edition: 60 posts, 60 stories, 30 reels and more, all in deep browns, cream and editorial typography. Drag your photos in, change the colors to your brand, post for months. Instant download, edit in free Canva.",https://www.etsy.com/listing/4489599720/luxury-spa-instagram-templates-bundle?utm_source=pinterest&utm_medium=organic&utm_campaign=massage&utm_content=ava-w37-p031,2026-09-10T07:08:00,"massage therapist, massage therapy aesthetic, wellness studio, insta post ideas, social media post design, massage therapist instagram post ideas, spa social media, day spa instagram, spa instagram post ideas, wellness room"
"Massage Therapist Instagram Bundle: 300 Minimal Posts, Stories and Reels for Massage Therapists",https://cdn.jsdelivr.net/gh/ilsetanis/ava-vae-pins@main/ava-vae-wellness-branding-social-w37-ef40907d.png,Wellness Branding & Social Media Kits,,"One kit, every post. The Massage Therapist Instagram bundle gives massage therapists 300 templates in the Minimal edition: 60 posts, 60 stories, 30 reels and more, all in soft greys, white space and clean sans-serif type. Drag your photos in, change the colors to your brand, post for months. Instant download, edit in free Canva.",https://avavae.com/product/massage-instagram-bundle?style=minimal&utm_source=pinterest&utm_medium=organic&utm_campaign=massage&utm_content=ava-w37-p032,2026-09-10T08:28:00,"massage therapist, massage therapy aesthetic, wellness studio, insta post ideas, wellness instagram templates, massage therapy instagram captions, massage therapist instagram post ideas, social media post design, wellness room, massage therapist instagram"
"Nail Salon Instagram Bundle: 300 Aesthetic Posts, Stories and Reels for Nail Techs",https://cdn.jsdelivr.net/gh/ilsetanis/ava-vae-pins@main/ava-vae-nail-studio-branding-soc-w37-d3d5becb.png,Nail Studio Branding & Social Media Kits,,"One kit, every post. The Nail Salon Instagram bundle gives nail techs 300 templates in the Aesthetic edition: 60 posts, 60 stories, 30 reels and more, all in warm neutrals, soft beige and calm serif typography. Drag your photos in, change the colors to your brand, post for months. Instant download, edit in free Canva.",https://avavae.com/product/nails-instagram-bundle?style=aesthetic&utm_source=pinterest&utm_medium=organic&utm_campaign=nails&utm_content=ava-w37-p033,2026-09-10T10:53:00,"nail tech aesthetic, nail studio, nail salon aesthetic, insta post ideas, luxury nail salon aesthetic, post ideas for instagram, nail tech instagram, nail tech branding, nail tech instagram post ideas, nail salon instagram posts"
"Nail Salon Instagram Bundle: 300 Luxury Posts, Stories and Reels for Nail Techs",https://cdn.jsdelivr.net/gh/ilsetanis/ava-vae-pins@main/ava-vae-nail-studio-branding-soc-w37-9b01e7fc.png,Nail Studio Branding & Social Media Kits,,"One kit, every post. The Nail Salon Instagram bundle gives nail techs 300 templates in the Luxury edition: 60 posts, 60 stories, 30 reels and more, all in deep browns, cream and editorial typography. Drag your photos in, change the colors to your brand, post for months. Instant download, edit in free Canva.",https://avavae.com/product/nails-instagram-bundle?style=luxury&utm_source=pinterest&utm_medium=organic&utm_campaign=nails&utm_content=ava-w37-p034,2026-09-10T12:23:00,"nail tech aesthetic, nail studio, nail salon aesthetic, insta post ideas, nail tech instagram captions, nail tech instagram post ideas, nail tech instagram story ideas, nail salon instagram posts, nail tech instagram, nail salon feed layout"
"Esthetician Instagram Bundle: 300 Aesthetic Posts, Stories and Reels for Estheticians",https://cdn.jsdelivr.net/gh/ilsetanis/ava-vae-pins@main/ava-vae-esthetician-branding-soc-w37-96a75c6e.png,Esthetician Branding & Social Media Kits,,"One kit, every post. The Esthetician Instagram bundle gives estheticians 300 templates in the Aesthetic edition: 60 posts, 60 stories, 30 reels and more, all in warm neutrals, soft beige and calm serif typography. Drag your photos in, change the colors to your brand, post for months. Instant download, edit in free Canva.",https://www.etsy.com/listing/4476858673/skincare-templates-instagram-bundle-300?utm_source=pinterest&utm_medium=organic&utm_campaign=skincare&utm_content=ava-w37-p035,2026-09-10T13:20:00,"esthetician aesthetic, esthetician marketing, esthetician branding photoshoot, insta post ideas, facial studio instagram, skincare business instagram, post ideas for instagram, social media design, esthetician instagram post ideas, esthetician branding"
"Complete Esthetician Instagram Kit: 300 Aesthetic Templates, One Feed, One Brand",https://cdn.jsdelivr.net/gh/ilsetanis/ava-vae-pins@main/ava-vae-esthetician-branding-soc-w37-7280aef4.png,Esthetician Branding & Social Media Kits,,"Your whole feed in one download: 300 aesthetic templates for estheticians, styled in warm neutrals, soft beige and calm serif typography. Posts, stories and reels that finally look like one brand. Instant download.",https://avavae.com/product/skincare-instagram-bundle?style=aesthetic&utm_source=pinterest&utm_medium=organic&utm_campaign=skincare&utm_content=ava-w37-p036,2026-09-10T14:19:00,"esthetician aesthetic, esthetician marketing, esthetician branding photoshoot, insta post ideas, facial studio instagram, esthetician instagram story ideas, esthetician branding, skincare business instagram, esthetician highlight covers, esthetician instagram"
"Esthetician Instagram Bundle: 300 Luxury Posts, Stories and Reels for Estheticians",https://cdn.jsdelivr.net/gh/ilsetanis/ava-vae-pins@main/ava-vae-esthetician-branding-soc-w37-89f54495.png,Esthetician Branding & Social Media Kits,,"One kit, every post. The Esthetician Instagram bundle gives estheticians 300 templates in the Luxury edition: 60 posts, 60 stories, 30 reels and more, all in deep browns, cream and editorial typography. Drag your photos in, change the colors to your brand, post for months. Instant download, edit in free Canva.",https://avavae.com/product/skincare-instagram-bundle?style=luxury&utm_source=pinterest&utm_medium=organic&utm_campaign=skincare&utm_content=ava-w37-p037,2026-09-10T15:38:00,"esthetician aesthetic, esthetician marketing, esthetician branding photoshoot, insta post ideas, esthetician branding, esthetician instagram, post ideas for instagram, skincare aesthetic, skincare business instagram, facial studio instagram"
"Spray Tan Instagram Bundle: 300 Aesthetic Posts, Stories and Reels for Spray Tan Artists",https://cdn.jsdelivr.net/gh/ilsetanis/ava-vae-pins@main/ava-vae-tanning-business-brandin-w37-43764be3.png,Tanning Business Branding & Social Media Kits,,"One kit, every post. The Spray Tan Instagram bundle gives spray tan artists 300 templates in the Aesthetic edition: 60 posts, 60 stories, 30 reels and more, all in warm neutrals, soft beige and calm serif typography. Drag your photos in, change the colors to your brand, post for months. Instant download, edit in free Canva.",https://www.etsy.com/listing/4510895108/spray-tan-business-instagram-templates?utm_source=pinterest&utm_medium=organic&utm_campaign=spray-tan&utm_content=ava-w37-p038,2026-09-10T15:59:00,"spray tan aesthetic, spray tan, self tan, insta post ideas, glow studio aesthetic, spray tan instagram, social media post design, glow up tips, mobile spray tan business, spray tan business marketing"
"Spray Tan Instagram Bundle: 300 Luxury Posts, Stories and Reels for Spray Tan Artists",https://cdn.jsdelivr.net/gh/ilsetanis/ava-vae-pins@main/ava-vae-tanning-business-brandin-w37-a1c320ea.png,Tanning Business Branding & Social Media Kits,,"One kit, every post. The Spray Tan Instagram bundle gives spray tan artists 300 templates in the Luxury edition: 60 posts, 60 stories, 30 reels and more, all in deep browns, cream and editorial typography. Drag your photos in, change the colors to your brand, post for months. Instant download, edit in free Canva.",https://avavae.com/product/spray-tan-instagram-bundle?style=luxury&utm_source=pinterest&utm_medium=organic&utm_campaign=spray-tan&utm_content=ava-w37-p039,2026-09-10T17:21:00,"spray tan aesthetic, spray tan, self tan, insta post ideas, spray tan instagram captions, spray tan branding, post ideas for instagram, glow up tips, spray tan instagram posts, spray tan instagram templates"
"Spray Tan Instagram Bundle: 300 Minimal Posts, Stories and Reels for Spray Tan Artists",https://cdn.jsdelivr.net/gh/ilsetanis/ava-vae-pins@main/ava-vae-tanning-business-brandin-w37-f8a262cf.png,Tanning Business Branding & Social Media Kits,,"One kit, every post. The Spray Tan Instagram bundle gives spray tan artists 300 templates in the Minimal edition: 60 posts, 60 stories, 30 reels and more, all in soft greys, white space and clean sans-serif type. Drag your photos in, change the colors to your brand, post for months. Instant download, edit in free Canva.",https://avavae.com/product/spray-tan-instagram-bundle?style=minimal&utm_source=pinterest&utm_medium=organic&utm_campaign=spray-tan&utm_content=ava-w37-p040,2026-09-10T18:42:00,"spray tan aesthetic, spray tan, self tan, insta post ideas, spray tan instagram posts, post ideas for instagram, spray tan quotes for instagram, fake tan instagram, social media post design, spray tan business marketing"
Aesthetics Instagram Stories in Fresh Teal: 60 Editable Layouts,https://cdn.jsdelivr.net/gh/ilsetanis/ava-vae-pins@main/ava-vae-ava-vae-shop-w37-372a21e2.png,Ava Vae Shop,,"One colorway, one calm feed. 60 Fresh Teal Instagram story templates in fresh teal, mint and clean modern type, designed so every story matches the last. Swap your photos, keep your brand colors, post daily. Instant download.",https://www.etsy.com/listing/4561148276/aesthetics-instagram-story-templates?utm_source=pinterest&utm_medium=organic&utm_campaign=stories&utm_content=ava-w37-p041,2026-09-10T19:07:00,"instagram story template, story instagram ideas, ig story ideas, aesthetic instagram stories, instagram story ideas, instagram feed aesthetic, instagram story design, instagram story templates canva, small business instagram stories, coaching instagram story templates"
Day Spa Instagram Stories in Mocha Velvet: 60 Editable Layouts,https://cdn.jsdelivr.net/gh/ilsetanis/ava-vae-pins@main/ava-vae-ava-vae-shop-w37-ed9faf8c.png,Ava Vae Shop,,"One colorway, one calm feed. 60 Mocha Velvet Instagram story templates in mocha browns, cream and soft editorial type, designed so every story matches the last. Swap your photos, keep your brand colors, post daily. Instant download.",https://avavae.com/product/mocha-velvet-instagram-story-templates?style=mocha%20velvet&utm_source=pinterest&utm_medium=organic&utm_campaign=stories&utm_content=ava-w37-p042,2026-09-11T06:56:00,"instagram story template, story instagram ideas, ig story ideas, aesthetic instagram stories, instagram story ideas, small business instagram stories, coaching instagram story templates, instagram aesthetic, beauty business instagram, instagram feed aesthetic"
Real Estate and Studio Instagram Stories in Modern Editorial: 60 Layouts,https://cdn.jsdelivr.net/gh/ilsetanis/ava-vae-pins@main/ava-vae-ava-vae-shop-w37-c8a2f774.png,Ava Vae Shop,,"One colorway, one calm feed. 60 Modern Editorial Instagram story templates in navy, ivory and sharp editorial type, designed so every story matches the last. Swap your photos, keep your brand colors, post daily. Instant download.",https://avavae.com/product/modern-editorial-instagram-story-templates?style=modern%20editorial&utm_source=pinterest&utm_medium=organic&utm_campaign=stories&utm_content=ava-w37-p043,2026-09-11T07:44:00,"instagram story template, story instagram ideas, ig story ideas, aesthetic instagram stories, small business instagram stories, coaching instagram story templates, instagram story design, insta post ideas, instagram story templates, instagram story ideas"
Dark Moody Luxe Instagram Story Templates: 60 Stories That Read Expensive (4),https://cdn.jsdelivr.net/gh/ilsetanis/ava-vae-pins@main/ava-vae-ava-vae-shop-w37-c0a2dff9.png,Ava Vae Shop,,"One colorway, one calm feed. 60 Dark Moody Luxe Instagram story templates in deep charcoal, warm gold accents and calm serif type, designed so every story matches the last. Swap your photos, keep your brand colors, post daily. Instant download.",https://www.etsy.com/listing/4561119199/luxury-instagram-story-templates-canva?utm_source=pinterest&utm_medium=organic&utm_campaign=stories&utm_content=ava-w37-p044,2026-09-11T08:06:00,"instagram story template, story instagram ideas, ig story ideas, aesthetic instagram stories, instagram aesthetic, coaching instagram story templates, instagram story design, instagram feed aesthetic, instagram story ideas for business, instagram story templates canva"
"Olive Minimal Instagram Story Templates: 60 Grounded, Minimal Stories",https://cdn.jsdelivr.net/gh/ilsetanis/ava-vae-pins@main/ava-vae-ava-vae-shop-w37-eb36a5f9.png,Ava Vae Shop,,"Stories that stop the scroll and still look like you. The Olive Minimal kit gives you 60 Instagram story layouts in olive green, chocolate and minimal type: tips, offers, FAQs, quotes and booking prompts. Drag your photos in, change the colors to your brand, export and post. Made for beauty pros, coaches and small studios. Instant download, edit in free Canva.",https://avavae.com/product/olive-minimal-instagram-story-templates?style=olive%20minimal&utm_source=pinterest&utm_medium=organic&utm_campaign=stories&utm_content=ava-w37-p045,2026-09-11T08:49:00,"instagram story template, story instagram ideas, ig story ideas, aesthetic instagram stories, small business instagram stories, instagram feed aesthetic, instagram story templates canva, instagram story ideas, beauty business instagram, instagram story ideas for business"
"Med Spa Instagram Feed in One Evening: 60 Aesthetic Posts, Ready to Edit",https://cdn.jsdelivr.net/gh/ilsetanis/ava-vae-pins@main/ava-vae-med-spa-instagram-posts-w37-f7671e83.png,Med Spa Instagram Posts,,"Your feed should sell while you work. These 60 aesthetic posts give injectors and med spas a month of content that reads expensive without shouting: warm neutrals, soft beige and calm serif typography. Swap in your photos, keep your colors, post. Tap through to see all the layouts. Instant download.",https://avavae.com/product/med-spa-instagram-post-templates?style=aesthetic&utm_source=pinterest&utm_medium=organic&utm_campaign=med-spa&utm_content=ava-w37-p046,2026-09-11T11:33:00,"med spa aesthetic, med spa, wellness spa aesthetic, insta post ideas, med spa instagram post ideas, botox instagram post ideas, med spa social media, botox instagram reels, medspa aesthetic feed, medspa instagram posts"
"Hair Salon Instagram Feed in One Evening: 60 Aesthetic Posts, Ready to Edit",https://cdn.jsdelivr.net/gh/ilsetanis/ava-vae-pins@main/ava-vae-hair-salon-instagram-pos-w37-c70975f4.png,Hair Salon Instagram Posts,,"Your feed should sell while you work. These 60 aesthetic posts give hairstylists a month of content that reads expensive without shouting: warm neutrals, soft beige and calm serif typography. Swap in your photos, keep your colors, post. Tap through to see all the layouts. Instant download.",https://avavae.com/product/hair-instagram-post-templates?style=aesthetic&utm_source=pinterest&utm_medium=organic&utm_campaign=hair&utm_content=ava-w37-p047,2026-09-11T12:05:00,"hair salon aesthetic, hairstylist aesthetic, insta post ideas, hair salon ideas, hair stylist instagram, hair salon social media posts, hair salon instagram feed, hairstylist content ideas, hair stylist instagram post ideas, salon content ideas for instagram"
"Nail Salon Instagram Feed in One Evening: 60 Aesthetic Posts, Ready to Edit",https://cdn.jsdelivr.net/gh/ilsetanis/ava-vae-pins@main/ava-vae-nail-salon-instagram-pos-w37-da47708d.png,Nail Salon Instagram Posts,,"Your feed should sell while you work. These 60 aesthetic posts give nail techs a month of content that reads expensive without shouting: warm neutrals, soft beige and calm serif typography. Swap in your photos, keep your colors, post. Tap through to see all the layouts. Instant download.",https://www.etsy.com/listing/4471780391/nail-salon-canva-templates-for-nail?utm_source=pinterest&utm_medium=organic&utm_campaign=nails&utm_content=ava-w37-p048,2026-09-11T12:34:00,"nail tech aesthetic, nail studio, nail salon aesthetic, insta post ideas, nail tech instagram story ideas, nail studio aesthetic, nail salon feed layout, nail tech branding, nail salon instagram feed, nail salon highlight cover"
"Esthetician Instagram Feed in One Evening: 60 Aesthetic Posts, Ready to Edit",https://cdn.jsdelivr.net/gh/ilsetanis/ava-vae-pins@main/ava-vae-esthetician-instagram-po-w37-d90ac7ff.png,Esthetician Instagram Posts,,"Your feed should sell while you work. These 60 aesthetic posts give estheticians a month of content that reads expensive without shouting: warm neutrals, soft beige and calm serif typography. Swap in your photos, keep your colors, post. Tap through to see all the layouts. Instant download.",https://avavae.com/product/skincare-instagram-post-templates?style=aesthetic&utm_source=pinterest&utm_medium=organic&utm_campaign=skincare&utm_content=ava-w37-p049,2026-09-11T13:01:00,"esthetician aesthetic, esthetician marketing, esthetician branding photoshoot, insta post ideas, facial studio instagram, esthetician highlight covers, esthetician instagram captions, esthetician instagram, esthetician instagram post ideas, skincare instagram feed"
"Spray Tan Instagram Post Ideas, Done for You: 60 Aesthetic Posts for Spray Tan Artists",https://cdn.jsdelivr.net/gh/ilsetanis/ava-vae-pins@main/ava-vae-spray-tan-instagram-post-w37-59922570.png,Spray Tan Instagram Posts,,"Stop rewriting the same caption every week. 60 Spray Tan Instagram posts in the Aesthetic edition, styled in warm neutrals, soft beige and calm serif typography, so your feed finally looks like one brand. Drag your own photos in, change the colors to your brand, export and post. Made for spray tan artists who are great behind the chair and short on time. Instant download, edit in free Canva.",https://avavae.com/product/spray-tan-instagram-post-templates?style=aesthetic&utm_source=pinterest&utm_medium=organic&utm_campaign=spray-tan&utm_content=ava-w37-p050,2026-09-11T13:47:00,"spray tan aesthetic, spray tan, self tan, insta post ideas, tanning salon instagram, spray tan business marketing, fake tan instagram, spray tan instagram post ideas, mobile spray tan business, spray tan instagram captions"
"Med Spa Instagram Post Ideas, Done for You: 60 Luxury Posts for Injectors And Med Spas",https://cdn.jsdelivr.net/gh/ilsetanis/ava-vae-pins@main/ava-vae-med-spa-instagram-posts-w37-9594d86b.png,Med Spa Instagram Posts,,"Stop rewriting the same caption every week. 60 Med Spa Instagram posts in the Luxury edition, styled in deep browns, cream and editorial typography, so your feed finally looks like one brand. Drag your own photos in, change the colors to your brand, export and post. Made for injectors and med spas who are great behind the chair and short on time. Instant download, edit in free Canva.",https://www.etsy.com/listing/4487296145/nurse-injector-instagram-post-templates?utm_source=pinterest&utm_medium=organic&utm_campaign=med-spa&utm_content=ava-w37-p051,2026-09-11T14:14:00,"med spa aesthetic, med spa, wellness spa aesthetic, insta post ideas, medspa instagram posts, medspa marketing, med spa social media, medspa aesthetic feed, botox instagram post ideas, med spa instagram"
"Nail Salon Instagram Post Ideas, Done for You: 60 Luxury Posts for Nail Techs",https://cdn.jsdelivr.net/gh/ilsetanis/ava-vae-pins@main/ava-vae-nail-salon-instagram-pos-w37-a42f3dc3.png,Nail Salon Instagram Posts,,"Stop rewriting the same caption every week. 60 Nail Salon Instagram posts in the Luxury edition, styled in deep browns, cream and editorial typography, so your feed finally looks like one brand. Drag your own photos in, change the colors to your brand, export and post. Made for nail techs who are great behind the chair and short on time. Instant download, edit in free Canva.",https://avavae.com/product/nails-instagram-post-templates?style=luxury&utm_source=pinterest&utm_medium=organic&utm_campaign=nails&utm_content=ava-w37-p052,2026-09-11T15:55:00,"nail tech aesthetic, nail studio, nail salon aesthetic, insta post ideas, nail tech instagram captions, nail salon instagram feed, nail salon highlight cover, nail salon post ideas, nail studio aesthetic, luxury nail salon aesthetic"
"Esthetician Instagram Post Ideas, Done for You: 60 Luxury Posts for Estheticians",https://cdn.jsdelivr.net/gh/ilsetanis/ava-vae-pins@main/ava-vae-esthetician-instagram-po-w37-47245e7e.png,Esthetician Instagram Posts,,"Stop rewriting the same caption every week. 60 Esthetician Instagram posts in the Luxury edition, styled in deep browns, cream and editorial typography, so your feed finally looks like one brand. Drag your own photos in, change the colors to your brand, export and post. Made for estheticians who are great behind the chair and short on time. Instant download, edit in free Canva.",https://avavae.com/product/skincare-instagram-post-templates?style=luxury&utm_source=pinterest&utm_medium=organic&utm_campaign=skincare&utm_content=ava-w37-p053,2026-09-11T18:01:00,"esthetician aesthetic, esthetician marketing, esthetician branding photoshoot, insta post ideas, esthetician branding, esthetician instagram, facial studio instagram, skincare business instagram, esthetician instagram captions, skincare aesthetic"
"Spray Tan Instagram Post Ideas, Done for You: 60 Luxury Posts for Spray Tan Artists",https://cdn.jsdelivr.net/gh/ilsetanis/ava-vae-pins@main/ava-vae-spray-tan-instagram-post-w37-e202bf60.png,Spray Tan Instagram Posts,,"Stop rewriting the same caption every week. 60 Spray Tan Instagram posts in the Luxury edition, styled in deep browns, cream and editorial typography, so your feed finally looks like one brand. Drag your own photos in, change the colors to your brand, export and post. Made for spray tan artists who are great behind the chair and short on time. Instant download, edit in free Canva.",https://www.etsy.com/listing/4518787307/spray-tan-studio-instagram-post?utm_source=pinterest&utm_medium=organic&utm_campaign=spray-tan&utm_content=ava-w37-p054,2026-09-11T20:34:00,"spray tan aesthetic, spray tan, self tan, insta post ideas, spray tan instagram, spray tan instagram post ideas, spray tan instagram captions, spray tan instagram posts, fake tan instagram, glow up tips"
"Massage Therapist Instagram Feed in One Evening: 60 Aesthetic Posts, Ready to Edit",https://cdn.jsdelivr.net/gh/ilsetanis/ava-vae-pins@main/ava-vae-massage-spa-instagram-po-w37-6c42cac7.png,Massage & Spa Instagram Posts,,"Your feed should sell while you work. These 60 aesthetic posts give massage therapists a month of content that reads expensive without shouting: warm neutrals, soft beige and calm serif typography. Swap in your photos, keep your colors, post. Tap through to see all the layouts. Instant download.",https://avavae.com/product/massage-instagram-post-templates?style=aesthetic&utm_source=pinterest&utm_medium=organic&utm_campaign=massage&utm_content=ava-w37-p055,2026-09-12T07:18:00,"massage therapist, massage therapy aesthetic, wellness studio, insta post ideas, massage business marketing, wellness instagram templates, massage therapist instagram, massage therapy instagram captions, massage therapist branding, massage therapy instagram posts"
"Massage Therapist Instagram Post Ideas, Done for You: 60 Luxury Posts for Massage Therapists",https://cdn.jsdelivr.net/gh/ilsetanis/ava-vae-pins@main/ava-vae-massage-spa-instagram-po-w37-2eace103.png,Massage & Spa Instagram Posts,,"Stop rewriting the same caption every week. 60 Massage Therapist Instagram posts in the Luxury edition, styled in deep browns, cream and editorial typography, so your feed finally looks like one brand. Drag your own photos in, change the colors to your brand, export and post. Made for massage therapists who are great behind the chair and short on time. Instant download, edit in free Canva.",https://avavae.com/product/massage-instagram-post-templates?style=luxury&utm_source=pinterest&utm_medium=organic&utm_campaign=massage&utm_content=ava-w37-p056,2026-09-12T08:42:00,"massage therapist, massage therapy aesthetic, wellness studio, insta post ideas, massage therapy instagram posts, wellness aesthetic feed, spa instagram post ideas, massage therapist instagram post ideas, wellness instagram templates, massage therapist instagram"
"Med Spa Instagram Post Ideas, Done for You: 60 Minimal Posts for Injectors And Med Spas",https://cdn.jsdelivr.net/gh/ilsetanis/ava-vae-pins@main/ava-vae-med-spa-instagram-posts-w37-8798342c.png,Med Spa Instagram Posts,,"Stop rewriting the same caption every week. 60 Med Spa Instagram posts in the Minimal edition, styled in soft greys, white space and clean sans-serif type, so your feed finally looks like one brand. Drag your own photos in, change the colors to your brand, export and post. Made for injectors and med spas who are great behind the chair and short on time. Instant download, edit in free Canva.",https://avavae.com/product/med-spa-instagram-post-templates?style=minimal&utm_source=pinterest&utm_medium=organic&utm_campaign=med-spa&utm_content=ava-w37-p057,2026-09-12T09:41:00,"med spa aesthetic, med spa, wellness spa aesthetic, insta post ideas, med spa instagram post ideas, aesthetic nurse instagram, medspa marketing, botox instagram reels, med spa instagram, med spa social media"
"Hair Salon Instagram Feed in One Evening: 60 Minimal Posts, Ready to Edit",https://cdn.jsdelivr.net/gh/ilsetanis/ava-vae-pins@main/ava-vae-hair-salon-instagram-pos-w37-bdd6287c.png,Hair Salon Instagram Posts,,"Your feed should sell while you work. These 60 minimal posts give hairstylists a month of content that reads expensive without shouting: soft greys, white space and clean sans-serif type. Swap in your photos, keep your colors, post. Tap through to see all the layouts. Instant download.",https://www.etsy.com/listing/4469578058/hair-dresser-instagram-post-templates?utm_source=pinterest&utm_medium=organic&utm_campaign=hair&utm_content=ava-w37-p058,2026-09-12T10:19:00,"hair salon aesthetic, hairstylist aesthetic, insta post ideas, hair salon ideas, hair salon instagram post ideas, small hair salon, luxury hair salon aesthetic, hair stylist instagram highlight covers, hair salon social media posts, salon content ideas for instagram"
"Massage Therapist Instagram Feed in One Evening: 60 Minimal Posts, Ready to Edit",https://cdn.jsdelivr.net/gh/ilsetanis/ava-vae-pins@main/ava-vae-massage-spa-instagram-po-w37-651cc4c2.png,Massage & Spa Instagram Posts,,"Your feed should sell while you work. These 60 minimal posts give massage therapists a month of content that reads expensive without shouting: soft greys, white space and clean sans-serif type. Swap in your photos, keep your colors, post. Tap through to see all the layouts. Instant download.",https://avavae.com/product/massage-instagram-post-templates?style=minimal&utm_source=pinterest&utm_medium=organic&utm_campaign=massage&utm_content=ava-w37-p059,2026-09-12T10:39:00,"massage therapist, massage therapy aesthetic, wellness studio, insta post ideas, massage therapy instagram content, massage therapist instagram, massage therapist branding, wellness aesthetic feed, wellness instagram templates, massage therapy instagram captions"
"Nail Salon Instagram Post Ideas, Done for You: 60 Minimal Posts for Nail Techs",https://cdn.jsdelivr.net/gh/ilsetanis/ava-vae-pins@main/ava-vae-nail-salon-instagram-pos-w37-c00038c3.png,Nail Salon Instagram Posts,,"Stop rewriting the same caption every week. 60 Nail Salon Instagram posts in the Minimal edition, styled in soft greys, white space and clean sans-serif type, so your feed finally looks like one brand. Drag your own photos in, change the colors to your brand, export and post. Made for nail techs who are great behind the chair and short on time. Instant download, edit in free Canva.",https://avavae.com/product/nails-instagram-post-templates?style=minimal&utm_source=pinterest&utm_medium=organic&utm_campaign=nails&utm_content=ava-w37-p060,2026-09-12T11:54:00,"nail tech aesthetic, nail studio, nail salon aesthetic, insta post ideas, nail salon instagram feed, nail salon instagram posts, nail tech branding, nail tech instagram story ideas, nail tech instagram, luxury nail salon aesthetic"
"Esthetician Instagram Feed in One Evening: 60 Minimal Posts, Ready to Edit",https://cdn.jsdelivr.net/gh/ilsetanis/ava-vae-pins@main/ava-vae-esthetician-instagram-po-w37-40f8f416.png,Esthetician Instagram Posts,,"Your feed should sell while you work. These 60 minimal posts give estheticians a month of content that reads expensive without shouting: soft greys, white space and clean sans-serif type. Swap in your photos, keep your colors, post. Tap through to see all the layouts. Instant download.",https://www.etsy.com/listing/4481702915/skincare-instagram-post-templates-60?utm_source=pinterest&utm_medium=organic&utm_campaign=skincare&utm_content=ava-w37-p061,2026-09-12T12:41:00,"esthetician aesthetic, esthetician marketing, esthetician branding photoshoot, insta post ideas, esthetician instagram theme, spa skincare aesthetic, esthetician highlight covers, skincare business instagram, skincare aesthetic, facial studio instagram"
"Spray Tan Instagram Post Ideas, Done for You: 60 Minimal Posts for Spray Tan Artists",https://cdn.jsdelivr.net/gh/ilsetanis/ava-vae-pins@main/ava-vae-spray-tan-instagram-post-w37-919fd9b1.png,Spray Tan Instagram Posts,,"Stop rewriting the same caption every week. 60 Spray Tan Instagram posts in the Minimal edition, styled in soft greys, white space and clean sans-serif type, so your feed finally looks like one brand. Drag your own photos in, change the colors to your brand, export and post. Made for spray tan artists who are great behind the chair and short on time. Instant download, edit in free Canva.",https://avavae.com/product/spray-tan-instagram-post-templates?style=minimal&utm_source=pinterest&utm_medium=organic&utm_campaign=spray-tan&utm_content=ava-w37-p062,2026-09-12T13:08:00,"spray tan aesthetic, spray tan, self tan, insta post ideas, spray tan instagram post ideas, fake tan instagram, spray tan instagram templates, tanning salon instagram, spray tan branding, spray tan instagram captions"
"Med Spa Instagram Reels, Done for You: 30 Aesthetic Video Covers and Layouts",https://cdn.jsdelivr.net/gh/ilsetanis/ava-vae-pins@main/ava-vae-med-spa-reels-video-cont-w37-724df073.png,Med Spa Reels & Video Content,,"Reels without the filming. 30 Med Spa Instagram reel layouts in the Aesthetic edition, styled in warm neutrals, soft beige and calm serif typography: tips, before and after, service spotlights and booking prompts. Drop in your clips or photos, change the colors, export and post. Made for injectors and med spas. Instant download, edit in free Canva.",https://avavae.com/product/med-spa-instagram-reels-templates?style=aesthetic&utm_source=pinterest&utm_medium=organic&utm_campaign=med-spa&utm_content=ava-w37-p063,2026-09-12T13:33:00,"med spa aesthetic, med spa, wellness spa aesthetic, insta post ideas, botox instagram post ideas, wellness studio, aesthetic nurse instagram, medspa aesthetic feed, injector instagram, botox instagram reels"
"Hair Salon Instagram Reels, Done for You: 30 Aesthetic Video Covers and Layouts",https://cdn.jsdelivr.net/gh/ilsetanis/ava-vae-pins@main/ava-vae-hair-salon-reels-video-c-w37-7e41a790.png,Hair Salon Reels & Video Content,,"Reels without the filming. 30 Hair Salon Instagram reel layouts in the Aesthetic edition, styled in warm neutrals, soft beige and calm serif typography: tips, before and after, service spotlights and booking prompts. Drop in your clips or photos, change the colors, export and post. Made for hairstylists. Instant download, edit in free Canva.",https://www.etsy.com/listing/4468536341/hairstylist-instagram-reel-templates?utm_source=pinterest&utm_medium=organic&utm_campaign=hair&utm_content=ava-w37-p064,2026-09-12T13:59:00,"hair salon aesthetic, hairstylist aesthetic, insta post ideas, hair salon ideas, hair salon instagram post ideas, salon content ideas for instagram, hair stylist instagram highlight covers, hairstylist content ideas, hair stylist branding, hair stylist instagram post ideas"
"Nail Salon Instagram Reels, Done for You: 30 Aesthetic Video Covers and Layouts",https://cdn.jsdelivr.net/gh/ilsetanis/ava-vae-pins@main/ava-vae-nail-salon-reels-video-c-w37-e66015fe.png,Nail Salon Reels & Video Content,,"Reels without the filming. 30 Nail Salon Instagram reel layouts in the Aesthetic edition, styled in warm neutrals, soft beige and calm serif typography: tips, before and after, service spotlights and booking prompts. Drop in your clips or photos, change the colors, export and post. Made for nail techs. Instant download, edit in free Canva.",https://avavae.com/product/nails-instagram-reels-templates?style=aesthetic&utm_source=pinterest&utm_medium=organic&utm_campaign=nails&utm_content=ava-w37-p065,2026-09-12T14:21:00,"nail tech aesthetic, nail studio, nail salon aesthetic, insta post ideas, nail tech instagram captions, nail salon feed layout, nail tech instagram, nail salon post ideas, nail tech instagram post ideas, nail salon highlight cover"
"Esthetician Instagram Reels, Done for You: 30 Aesthetic Video Covers and Layouts",https://cdn.jsdelivr.net/gh/ilsetanis/ava-vae-pins@main/ava-vae-skincare-reels-video-con-w37-5874a80b.png,Skincare Reels & Video Content,,"Reels without the filming. 30 Esthetician Instagram reel layouts in the Aesthetic edition, styled in warm neutrals, soft beige and calm serif typography: tips, before and after, service spotlights and booking prompts. Drop in your clips or photos, change the colors, export and post. Made for estheticians. Instant download, edit in free Canva.",https://avavae.com/product/skincare-instagram-reels-templates?style=aesthetic&utm_source=pinterest&utm_medium=organic&utm_campaign=skincare&utm_content=ava-w37-p066,2026-09-12T14:43:00,"esthetician aesthetic, esthetician marketing, esthetician branding photoshoot, insta post ideas, facial studio instagram, spa skincare aesthetic, skincare business instagram, esthetician instagram story ideas, skincare instagram feed, esthetician instagram"
"Spray Tan Instagram Reels, Done for You: 30 Aesthetic Video Covers and Layouts",https://cdn.jsdelivr.net/gh/ilsetanis/ava-vae-pins@main/ava-vae-spray-tan-reels-video-co-w37-dab7e803.png,Spray Tan Reels & Video Content,,"Reels without the filming. 30 Spray Tan Instagram reel layouts in the Aesthetic edition, styled in warm neutrals, soft beige and calm serif typography: tips, before and after, service spotlights and booking prompts. Drop in your clips or photos, change the colors, export and post. Made for spray tan artists. Instant download, edit in free Canva.",https://avavae.com/product/spray-tan-instagram-reels-templates?style=aesthetic&utm_source=pinterest&utm_medium=organic&utm_campaign=spray-tan&utm_content=ava-w37-p067,2026-09-12T15:50:00,"spray tan aesthetic, spray tan, self tan, insta post ideas, fake tan instagram, spray tan instagram posts, spray tan branding, spray tan instagram templates, mobile spray tan business, spray tan business marketing"
"Med Spa Instagram Reels, Done for You: 30 Luxury Video Covers and Layouts",https://cdn.jsdelivr.net/gh/ilsetanis/ava-vae-pins@main/ava-vae-med-spa-reels-video-cont-w37-91e617b2.png,Med Spa Reels & Video Content,,"Reels without the filming. 30 Med Spa Instagram reel layouts in the Luxury edition, styled in deep browns, cream and editorial typography: tips, before and after, service spotlights and booking prompts. Drop in your clips or photos, change the colors, export and post. Made for injectors and med spas. Instant download, edit in free Canva.",https://www.etsy.com/listing/4487746172/filler-before-and-after-instagram-reels?utm_source=pinterest&utm_medium=organic&utm_campaign=med-spa&utm_content=ava-w37-p068,2026-09-12T17:23:00,"med spa aesthetic, med spa, wellness spa aesthetic, insta post ideas, botox instagram story, injector instagram, medspa marketing, med spa social media, medspa aesthetic feed, aesthetic nurse instagram"
"Nail Salon Instagram Reels, Done for You: 30 Luxury Video Covers and Layouts",https://cdn.jsdelivr.net/gh/ilsetanis/ava-vae-pins@main/ava-vae-nail-salon-reels-video-c-w37-01811043.png,Nail Salon Reels & Video Content,,"Reels without the filming. 30 Nail Salon Instagram reel layouts in the Luxury edition, styled in deep browns, cream and editorial typography: tips, before and after, service spotlights and booking prompts. Drop in your clips or photos, change the colors, export and post. Made for nail techs. Instant download, edit in free Canva.",https://avavae.com/product/nails-instagram-reels-templates?style=luxury&utm_source=pinterest&utm_medium=organic&utm_campaign=nails&utm_content=ava-w37-p069,2026-09-12T18:02:00,"nail tech aesthetic, nail studio, nail salon aesthetic, insta post ideas, nail salon post ideas, nails inspo 2026, nail salon feed layout, nail salon highlight cover, nail studio aesthetic, nail salon instagram posts"
"Esthetician Instagram Reels, Done for You: 30 Luxury Video Covers and Layouts",https://cdn.jsdelivr.net/gh/ilsetanis/ava-vae-pins@main/ava-vae-skincare-reels-video-con-w37-f56497af.png,Skincare Reels & Video Content,,"Reels without the filming. 30 Esthetician Instagram reel layouts in the Luxury edition, styled in deep browns, cream and editorial typography: tips, before and after, service spotlights and booking prompts. Drop in your clips or photos, change the colors, export and post. Made for estheticians. Instant download, edit in free Canva.",https://avavae.com/product/skincare-instagram-reels-templates?style=luxury&utm_source=pinterest&utm_medium=organic&utm_campaign=skincare&utm_content=ava-w37-p070,2026-09-12T18:22:00,"esthetician aesthetic, esthetician marketing, esthetician branding photoshoot, insta post ideas, esthetician instagram story ideas, spa skincare aesthetic, skincare instagram feed, esthetician highlight covers, esthetician instagram theme, esthetician instagram post ideas"
"Spray Tan Instagram Reels, Done for You: 30 Luxury Video Covers and Layouts",https://cdn.jsdelivr.net/gh/ilsetanis/ava-vae-pins@main/ava-vae-spray-tan-reels-video-co-w37-88632d1e.png,Spray Tan Reels & Video Content,,"Reels without the filming. 30 Spray Tan Instagram reel layouts in the Luxury edition, styled in deep browns, cream and editorial typography: tips, before and after, service spotlights and booking prompts. Drop in your clips or photos, change the colors, export and post. Made for spray tan artists. Instant download, edit in free Canva.",https://www.etsy.com/listing/4518805192/spray-tan-studio-instagram-reels?utm_source=pinterest&utm_medium=organic&utm_campaign=spray-tan&utm_content=ava-w37-p071,2026-09-12T20:32:00,"spray tan aesthetic, spray tan, self tan, insta post ideas, spray tan branding, fake tan instagram, spray tan instagram captions, spray tan business marketing, spray tan instagram posts, spray tan instagram post ideas"
"Massage Therapist Instagram Reels, Done for You: 30 Aesthetic Video Covers and Layouts",https://cdn.jsdelivr.net/gh/ilsetanis/ava-vae-pins@main/ava-vae-massage-spa-reels-video--w37-e5698f91.png,Massage & Spa Reels & Video Content,,"Reels without the filming. 30 Massage Therapist Instagram reel layouts in the Aesthetic edition, styled in warm neutrals, soft beige and calm serif typography: tips, before and after, service spotlights and booking prompts. Drop in your clips or photos, change the colors, export and post. Made for massage therapists. Instant download, edit in free Canva.",https://avavae.com/product/massage-instagram-reels-templates?style=aesthetic&utm_source=pinterest&utm_medium=organic&utm_campaign=massage&utm_content=ava-w37-p072,2026-09-13T06:51:00,"massage therapist, massage therapy aesthetic, wellness studio, insta post ideas, massage therapy instagram captions, wellness instagram templates, wellness aesthetic feed, spa instagram post ideas, massage business marketing, wellness room"
"Massage Therapist Instagram Reels, Done for You: 30 Luxury Video Covers and Layouts",https://cdn.jsdelivr.net/gh/ilsetanis/ava-vae-pins@main/ava-vae-massage-spa-reels-video--w37-7ae19dba.png,Massage & Spa Reels & Video Content,,"Reels without the filming. 30 Massage Therapist Instagram reel layouts in the Luxury edition, styled in deep browns, cream and editorial typography: tips, before and after, service spotlights and booking prompts. Drop in your clips or photos, change the colors, export and post. Made for massage therapists. Instant download, edit in free Canva.",https://avavae.com/product/massage-instagram-reels-templates?style=luxury&utm_source=pinterest&utm_medium=organic&utm_campaign=massage&utm_content=ava-w37-p073,2026-09-13T07:28:00,"massage therapist, massage therapy aesthetic, wellness studio, insta post ideas, massage therapist branding, massage therapy instagram captions, spa instagram post ideas, massage business marketing, massage therapist instagram, wellness instagram templates"
"Med Spa Instagram Reels, Done for You: 30 Minimal Video Covers and Layouts",https://cdn.jsdelivr.net/gh/ilsetanis/ava-vae-pins@main/ava-vae-med-spa-reels-video-cont-w37-9a7a1497.png,Med Spa Reels & Video Content,,"Reels without the filming. 30 Med Spa Instagram reel layouts in the Minimal edition, styled in soft greys, white space and clean sans-serif type: tips, before and after, service spotlights and booking prompts. Drop in your clips or photos, change the colors, export and post. Made for injectors and med spas. Instant download, edit in free Canva.",https://www.etsy.com/listing/4489426640/botox-reels-template-medspa-social-media?utm_source=pinterest&utm_medium=organic&utm_campaign=med-spa&utm_content=ava-w37-p074,2026-09-13T08:08:00,"med spa aesthetic, med spa, wellness spa aesthetic, insta post ideas, med spa instagram post ideas, aesthetic nurse instagram, medspa aesthetic feed, botox instagram reels, medspa instagram posts, med spa social media"
"Hair Salon Instagram Reels, Done for You: 30 Minimal Video Covers and Layouts",https://cdn.jsdelivr.net/gh/ilsetanis/ava-vae-pins@main/ava-vae-hair-salon-reels-video-c-w37-1351af6a.png,Hair Salon Reels & Video Content,,"Reels without the filming. 30 Hair Salon Instagram reel layouts in the Minimal edition, styled in soft greys, white space and clean sans-serif type: tips, before and after, service spotlights and booking prompts. Drop in your clips or photos, change the colors, export and post. Made for hairstylists. Instant download, edit in free Canva.",https://avavae.com/product/hair-instagram-reels-templates?style=minimal&utm_source=pinterest&utm_medium=organic&utm_campaign=hair&utm_content=ava-w37-p075,2026-09-13T09:07:00,"hair salon aesthetic, hairstylist aesthetic, insta post ideas, hair salon ideas, luxury hair salon aesthetic, hairdresser aesthetic, hair salon instagram feed, hair salon social media posts, salon content ideas for instagram, hair stylist branding"
"Massage Therapist Instagram Reels, Done for You: 30 Minimal Video Covers and Layouts",https://cdn.jsdelivr.net/gh/ilsetanis/ava-vae-pins@main/ava-vae-massage-spa-reels-video--w37-1f97d11d.png,Massage & Spa Reels & Video Content,,"Reels without the filming. 30 Massage Therapist Instagram reel layouts in the Minimal edition, styled in soft greys, white space and clean sans-serif type: tips, before and after, service spotlights and booking prompts. Drop in your clips or photos, change the colors, export and post. Made for massage therapists. Instant download, edit in free Canva.",https://avavae.com/product/massage-instagram-reels-templates?style=minimal&utm_source=pinterest&utm_medium=organic&utm_campaign=massage&utm_content=ava-w37-p076,2026-09-13T09:40:00,"massage therapist, massage therapy aesthetic, wellness studio, insta post ideas, massage therapy instagram captions, wellness instagram templates, massage business marketing, massage therapist instagram, massage therapy instagram content, wellness aesthetic feed"
"Nail Salon Instagram Reels, Done for You: 30 Minimal Video Covers and Layouts",https://cdn.jsdelivr.net/gh/ilsetanis/ava-vae-pins@main/ava-vae-nail-salon-reels-video-c-w37-28ea0c88.png,Nail Salon Reels & Video Content,,"Reels without the filming. 30 Nail Salon Instagram reel layouts in the Minimal edition, styled in soft greys, white space and clean sans-serif type: tips, before and after, service spotlights and booking prompts. Drop in your clips or photos, change the colors, export and post. Made for nail techs. Instant download, edit in free Canva.",https://www.etsy.com/listing/4476794159/nail-video-reels-templates-30-video?utm_source=pinterest&utm_medium=organic&utm_campaign=nails&utm_content=ava-w37-p077,2026-09-13T10:41:00,"nail tech aesthetic, nail studio, nail salon aesthetic, insta post ideas, nail salon instagram posts, nail tech instagram story ideas, nail tech instagram post ideas, nail tech instagram, nail salon feed layout, nail studio aesthetic"
"Esthetician Instagram Reels, Done for You: 30 Minimal Video Covers and Layouts",https://cdn.jsdelivr.net/gh/ilsetanis/ava-vae-pins@main/ava-vae-skincare-reels-video-con-w37-3713c0b0.png,Skincare Reels & Video Content,,"Reels without the filming. 30 Esthetician Instagram reel layouts in the Minimal edition, styled in soft greys, white space and clean sans-serif type: tips, before and after, service spotlights and booking prompts. Drop in your clips or photos, change the colors, export and post. Made for estheticians. Instant download, edit in free Canva.",https://avavae.com/product/skincare-instagram-reels-templates?style=minimal&utm_source=pinterest&utm_medium=organic&utm_campaign=skincare&utm_content=ava-w37-p078,2026-09-13T12:28:00,"esthetician aesthetic, esthetician marketing, esthetician branding photoshoot, insta post ideas, facial studio instagram, esthetician branding, esthetician instagram theme, esthetician instagram captions, esthetician instagram, skincare instagram feed"
"Spray Tan Instagram Reels, Done for You: 30 Minimal Video Covers and Layouts",https://cdn.jsdelivr.net/gh/ilsetanis/ava-vae-pins@main/ava-vae-spray-tan-reels-video-co-w37-ccb92452.png,Spray Tan Reels & Video Content,,"Reels without the filming. 30 Spray Tan Instagram reel layouts in the Minimal edition, styled in soft greys, white space and clean sans-serif type: tips, before and after, service spotlights and booking prompts. Drop in your clips or photos, change the colors, export and post. Made for spray tan artists. Instant download, edit in free Canva.",https://avavae.com/product/spray-tan-instagram-reels-templates?style=minimal&utm_source=pinterest&utm_medium=organic&utm_campaign=spray-tan&utm_content=ava-w37-p079,2026-09-13T13:20:00,"spray tan aesthetic, spray tan, self tan, insta post ideas, glow studio aesthetic, spray tan instagram post ideas, spray tan instagram templates, mobile spray tan business, spray tan branding, tanning salon instagram"
Beauty Instagram Stories in Rosé Noir: 60 Editable Layouts,https://cdn.jsdelivr.net/gh/ilsetanis/ava-vae-pins@main/ava-vae-ava-vae-shop-w37-af536f2e.png,Ava Vae Shop,,"One colorway, one calm feed. 60 Rosé Noir Instagram story templates in deep burgundy, rosé pink and refined serif type, designed so every story matches the last. Swap your photos, keep your brand colors, post daily. Instant download.",https://avavae.com/product/rose-noir-instagram-story-templates?style=rosé%20noir&utm_source=pinterest&utm_medium=organic&utm_campaign=stories&utm_content=ava-w37-p080,2026-09-13T14:46:00,"instagram story template, story instagram ideas, ig story ideas, aesthetic instagram stories, instagram story design, beauty business instagram, instagram aesthetic, instagram feed aesthetic, instagram story templates, instagram story ideas for business"
Life Coach and Therapist Instagram Stories in Soft Pastel: 60 Layouts,https://cdn.jsdelivr.net/gh/ilsetanis/ava-vae-pins@main/ava-vae-ava-vae-shop-w37-a743e4e0.png,Ava Vae Shop,,"One colorway, one calm feed. 60 Soft Pastel Instagram story templates in soft lilac, butter yellow and gentle type, designed so every story matches the last. Swap your photos, keep your brand colors, post daily. Instant download.",https://www.etsy.com/listing/4561160722/life-coach-therapist-instagram-story?utm_source=pinterest&utm_medium=organic&utm_campaign=stories&utm_content=ava-w37-p081,2026-09-13T15:24:00,"instagram story template, story instagram ideas, ig story ideas, aesthetic instagram stories, instagram story templates canva, small business instagram stories, instagram aesthetic, instagram story design, instagram story ideas for business, instagram feed aesthetic"
"Med Spa Instagram Story Ideas, Done for You: 60 Aesthetic Stories for Injectors And Med Spas",https://cdn.jsdelivr.net/gh/ilsetanis/ava-vae-pins@main/ava-vae-med-spa-instagram-story--w37-810e6744.png,Med Spa Instagram Story Ideas,,"Stories that match your feed, every day. 60 Med Spa Instagram story layouts in the Aesthetic edition: booking reminders, FAQs, before and after, open spots, all in warm neutrals, soft beige and calm serif typography. Drag your photos in, change the colors, post. Made for injectors and med spas. Instant download, edit in free Canva.",https://avavae.com/product/med-spa-instagram-story-templates?style=aesthetic&utm_source=pinterest&utm_medium=organic&utm_campaign=med-spa&utm_content=ava-w37-p082,2026-09-13T16:09:00,"med spa aesthetic, med spa, wellness spa aesthetic, insta post ideas, med spa social media, botox instagram post ideas, medspa marketing, medspa aesthetic feed, medspa instagram posts, injector instagram"
"Hair Salon Instagram Story Ideas, Done for You: 60 Aesthetic Stories for Hairstylists",https://cdn.jsdelivr.net/gh/ilsetanis/ava-vae-pins@main/ava-vae-hair-salon-instagram-sto-w37-88017b7c.png,Hair Salon Instagram Story Ideas,,"Stories that match your feed, every day. 60 Hair Salon Instagram story layouts in the Aesthetic edition: booking reminders, FAQs, before and after, open spots, all in warm neutrals, soft beige and calm serif typography. Drag your photos in, change the colors, post. Made for hairstylists. Instant download, edit in free Canva.",https://avavae.com/product/hair-instagram-story-templates?style=aesthetic&utm_source=pinterest&utm_medium=organic&utm_campaign=hair&utm_content=ava-w37-p083,2026-09-13T17:47:00,"hair salon aesthetic, hairstylist aesthetic, insta post ideas, hair salon ideas, hair stylist instagram captions, hair stylist instagram post ideas, hair salon social media posts, hair stylist branding, luxury hair salon aesthetic, hair salon instagram feed"
"Nail Salon Instagram Story Ideas, Done for You: 60 Aesthetic Stories for Nail Techs",https://cdn.jsdelivr.net/gh/ilsetanis/ava-vae-pins@main/ava-vae-nail-salon-instagram-sto-w37-5ce87986.png,Nail Salon Instagram Story Ideas,,"Stories that match your feed, every day. 60 Nail Salon Instagram story layouts in the Aesthetic edition: booking reminders, FAQs, before and after, open spots, all in warm neutrals, soft beige and calm serif typography. Drag your photos in, change the colors, post. Made for nail techs. Instant download, edit in free Canva.",https://www.etsy.com/listing/4472228281/nail-salon-booking-instagram-story?utm_source=pinterest&utm_medium=organic&utm_campaign=nails&utm_content=ava-w37-p084,2026-09-13T18:38:00,"nail tech aesthetic, nail studio, nail salon aesthetic, insta post ideas, nail tech instagram post ideas, nails inspo 2026, nail tech branding, nail salon instagram feed, nail salon feed layout, luxury nail salon aesthetic"
"Esthetician Instagram Story Ideas, Done for You: 60 Aesthetic Stories for Estheticians",https://cdn.jsdelivr.net/gh/ilsetanis/ava-vae-pins@main/ava-vae-esthetician-instagram-st-w37-5c979f19.png,Esthetician Instagram Story Ideas,,"Stories that match your feed, every day. 60 Esthetician Instagram story layouts in the Aesthetic edition: booking reminders, FAQs, before and after, open spots, all in warm neutrals, soft beige and calm serif typography. Drag your photos in, change the colors, post. Made for estheticians. Instant download, edit in free Canva.",https://avavae.com/product/skincare-instagram-story-templates?style=aesthetic&utm_source=pinterest&utm_medium=organic&utm_campaign=skincare&utm_content=ava-w37-p085,2026-09-13T19:05:00,"esthetician aesthetic, esthetician marketing, esthetician branding photoshoot, insta post ideas, esthetician instagram post ideas, esthetician instagram theme, esthetician branding, facial studio instagram, esthetician instagram captions, skincare business instagram"
"Spray Tan Instagram Story Ideas, Done for You: 60 Aesthetic Stories for Spray Tan Artists",https://cdn.jsdelivr.net/gh/ilsetanis/ava-vae-pins@main/ava-vae-spray-tan-instagram-stor-w37-616a00f6.png,Spray Tan Instagram Story Ideas,,"Stories that match your feed, every day. 60 Spray Tan Instagram story layouts in the Aesthetic edition: booking reminders, FAQs, before and after, open spots, all in warm neutrals, soft beige and calm serif typography. Drag your photos in, change the colors, post. Made for spray tan artists. Instant download, edit in free Canva.",https://avavae.com/product/spray-tan-instagram-story-templates?style=aesthetic&utm_source=pinterest&utm_medium=organic&utm_campaign=spray-tan&utm_content=ava-w37-p086,2026-09-13T20:58:00,"spray tan aesthetic, spray tan, self tan, insta post ideas, spray tan instagram posts, tanning salon instagram, spray tan quotes for instagram, fake tan instagram, glow studio aesthetic, spray tan instagram"
"Med Spa Instagram Story Ideas, Done for You: 60 Luxury Stories for Injectors And Med Spas",https://cdn.jsdelivr.net/gh/ilsetanis/ava-vae-pins@main/ava-vae-med-spa-instagram-story--w37-ef8c141c.png,Med Spa Instagram Story Ideas,,"Stories that match your feed, every day. 60 Med Spa Instagram story layouts in the Luxury edition: booking reminders, FAQs, before and after, open spots, all in deep browns, cream and editorial typography. Drag your photos in, change the colors, post. Made for injectors and med spas. Instant download, edit in free Canva.",https://www.etsy.com/listing/4487735561/botox-canva-template-instagram-story?utm_source=pinterest&utm_medium=organic&utm_campaign=med-spa&utm_content=ava-w37-p087,2026-09-14T06:29:00,"med spa aesthetic, med spa, wellness spa aesthetic, insta post ideas, botox instagram reels, medspa instagram posts, medspa aesthetic feed, med spa instagram, botox instagram story, med spa social media"
"Nail Salon Instagram Story Ideas, Done for You: 60 Luxury Stories for Nail Techs",https://cdn.jsdelivr.net/gh/ilsetanis/ava-vae-pins@main/ava-vae-nail-salon-instagram-sto-w37-f283c1ac.png,Nail Salon Instagram Story Ideas,,"Stories that match your feed, every day. 60 Nail Salon Instagram story layouts in the Luxury edition: booking reminders, FAQs, before and after, open spots, all in deep browns, cream and editorial typography. Drag your photos in, change the colors, post. Made for nail techs. Instant download, edit in free Canva.",https://avavae.com/product/nails-instagram-story-templates?style=luxury&utm_source=pinterest&utm_medium=organic&utm_campaign=nails&utm_content=ava-w37-p088,2026-09-14T07:28:00,"nail tech aesthetic, nail studio, nail salon aesthetic, insta post ideas, nail tech branding, nail salon post ideas, nail studio aesthetic, nail tech instagram captions, nail salon instagram posts, nail tech instagram"
"Esthetician Instagram Story Ideas, Done for You: 60 Luxury Stories for Estheticians",https://cdn.jsdelivr.net/gh/ilsetanis/ava-vae-pins@main/ava-vae-esthetician-instagram-st-w37-32885d0d.png,Esthetician Instagram Story Ideas,,"Stories that match your feed, every day. 60 Esthetician Instagram story layouts in the Luxury edition: booking reminders, FAQs, before and after, open spots, all in deep browns, cream and editorial typography. Drag your photos in, change the colors, post. Made for estheticians. Instant download, edit in free Canva.",https://avavae.com/product/skincare-instagram-story-templates?style=luxury&utm_source=pinterest&utm_medium=organic&utm_campaign=skincare&utm_content=ava-w37-p089,2026-09-14T08:31:00,"esthetician aesthetic, esthetician marketing, esthetician branding photoshoot, insta post ideas, esthetician instagram captions, skincare instagram feed, esthetician instagram theme, esthetician branding, spa skincare aesthetic, facial studio instagram"
"Spray Tan Instagram Story Ideas, Done for You: 60 Luxury Stories for Spray Tan Artists",https://cdn.jsdelivr.net/gh/ilsetanis/ava-vae-pins@main/ava-vae-spray-tan-instagram-stor-w37-21e1e466.png,Spray Tan Instagram Story Ideas,,"Stories that match your feed, every day. 60 Spray Tan Instagram story layouts in the Luxury edition: booking reminders, FAQs, before and after, open spots, all in deep browns, cream and editorial typography. Drag your photos in, change the colors, post. Made for spray tan artists. Instant download, edit in free Canva.",https://avavae.com/product/spray-tan-instagram-story-templates?style=luxury&utm_source=pinterest&utm_medium=organic&utm_campaign=spray-tan&utm_content=ava-w37-p090,2026-09-14T09:03:00,"spray tan aesthetic, spray tan, self tan, insta post ideas, glow up tips, spray tan instagram templates, tanning salon instagram, spray tan branding, glow studio aesthetic, spray tan instagram posts"
"Massage Therapist Instagram Story Ideas, Done for You: 60 Aesthetic Stories for Massage Therapists",https://cdn.jsdelivr.net/gh/ilsetanis/ava-vae-pins@main/ava-vae-massage-spa-instagram-st-w37-028cde5a.png,Massage & Spa Instagram Story Ideas,,"Stories that match your feed, every day. 60 Massage Therapist Instagram story layouts in the Aesthetic edition: booking reminders, FAQs, before and after, open spots, all in warm neutrals, soft beige and calm serif typography. Drag your photos in, change the colors, post. Made for massage therapists. Instant download, edit in free Canva.",https://www.etsy.com/listing/4489458182/massage-instagram-story-template?utm_source=pinterest&utm_medium=organic&utm_campaign=massage&utm_content=ava-w37-p091,2026-09-14T09:23:00,"massage therapist, massage therapy aesthetic, wellness studio, insta post ideas, spa instagram post ideas, massage therapist instagram, wellness room, massage therapy instagram captions, day spa instagram, wellness instagram templates"
"Massage Therapist Instagram Story Ideas, Done for You: 60 Luxury Stories for Massage Therapists",https://cdn.jsdelivr.net/gh/ilsetanis/ava-vae-pins@main/ava-vae-massage-spa-instagram-st-w37-e7fffc44.png,Massage & Spa Instagram Story Ideas,,"Stories that match your feed, every day. 60 Massage Therapist Instagram story layouts in the Luxury edition: booking reminders, FAQs, before and after, open spots, all in deep browns, cream and editorial typography. Drag your photos in, change the colors, post. Made for massage therapists. Instant download, edit in free Canva.",https://avavae.com/product/massage-instagram-story-templates?style=luxury&utm_source=pinterest&utm_medium=organic&utm_campaign=massage&utm_content=ava-w37-p092,2026-09-14T12:43:00,"massage therapist, massage therapy aesthetic, wellness studio, insta post ideas, spa instagram post ideas, massage business marketing, massage therapy instagram content, massage therapist instagram, wellness aesthetic feed, massage therapist branding"
"Med Spa Instagram Story Ideas, Done for You: 60 Minimal Stories for Injectors And Med Spas",https://cdn.jsdelivr.net/gh/ilsetanis/ava-vae-pins@main/ava-vae-med-spa-instagram-story--w37-23bc6fcf.png,Med Spa Instagram Story Ideas,,"Stories that match your feed, every day. 60 Med Spa Instagram story layouts in the Minimal edition: booking reminders, FAQs, before and after, open spots, all in soft greys, white space and clean sans-serif type. Drag your photos in, change the colors, post. Made for injectors and med spas. Instant download, edit in free Canva.",https://avavae.com/product/med-spa-instagram-story-templates?style=minimal&utm_source=pinterest&utm_medium=organic&utm_campaign=med-spa&utm_content=ava-w37-p093,2026-09-14T14:22:00,"med spa aesthetic, med spa, wellness spa aesthetic, insta post ideas, med spa instagram, injector instagram, wellness studio, medspa marketing, botox instagram reels, aesthetic nurse instagram"
"Hair Salon Instagram Story Ideas, Done for You: 60 Minimal Stories for Hairstylists",https://cdn.jsdelivr.net/gh/ilsetanis/ava-vae-pins@main/ava-vae-hair-salon-instagram-sto-w37-ce864b72.png,Hair Salon Instagram Story Ideas,,"Stories that match your feed, every day. 60 Hair Salon Instagram story layouts in the Minimal edition: booking reminders, FAQs, before and after, open spots, all in soft greys, white space and clean sans-serif type. Drag your photos in, change the colors, post. Made for hairstylists. Instant download, edit in free Canva.",https://www.etsy.com/listing/4469587499/hair-salon-instagram-story-templates-60?utm_source=pinterest&utm_medium=organic&utm_campaign=hair&utm_content=ava-w37-p094,2026-09-14T15:32:00,"hair salon aesthetic, hairstylist aesthetic, insta post ideas, hair salon ideas, hair stylist instagram captions, hair stylist instagram highlight covers, luxury hair salon aesthetic, hair stylist branding, hair salon instagram story ideas, hair salon social media posts"
"Massage Therapist Instagram Story Ideas, Done for You: 60 Minimal Stories for Massage Therapists",https://cdn.jsdelivr.net/gh/ilsetanis/ava-vae-pins@main/ava-vae-massage-spa-instagram-st-w37-279be72c.png,Massage & Spa Instagram Story Ideas,,"Stories that match your feed, every day. 60 Massage Therapist Instagram story layouts in the Minimal edition: booking reminders, FAQs, before and after, open spots, all in soft greys, white space and clean sans-serif type. Drag your photos in, change the colors, post. Made for massage therapists. Instant download, edit in free Canva.",https://avavae.com/product/massage-instagram-story-templates?style=minimal&utm_source=pinterest&utm_medium=organic&utm_campaign=massage&utm_content=ava-w37-p095,2026-09-14T16:02:00,"massage therapist, massage therapy aesthetic, wellness studio, insta post ideas, spa instagram post ideas, massage therapy instagram captions, day spa instagram, massage therapist instagram, massage business marketing, massage therapist branding"
"Nail Salon Instagram Story Ideas, Done for You: 60 Minimal Stories for Nail Techs",https://cdn.jsdelivr.net/gh/ilsetanis/ava-vae-pins@main/ava-vae-nail-salon-instagram-sto-w37-c3e8c9d7.png,Nail Salon Instagram Story Ideas,,"Stories that match your feed, every day. 60 Nail Salon Instagram story layouts in the Minimal edition: booking reminders, FAQs, before and after, open spots, all in soft greys, white space and clean sans-serif type. Drag your photos in, change the colors, post. Made for nail techs. Instant download, edit in free Canva.",https://avavae.com/product/nails-instagram-story-templates?style=minimal&utm_source=pinterest&utm_medium=organic&utm_campaign=nails&utm_content=ava-w37-p096,2026-09-14T17:21:00,"nail tech aesthetic, nail studio, nail salon aesthetic, insta post ideas, nail salon post ideas, nail salon instagram posts, nail salon feed layout, nail studio aesthetic, nail tech instagram story ideas, luxury nail salon aesthetic"
"Esthetician Instagram Story Ideas, Done for You: 60 Minimal Stories for Estheticians",https://cdn.jsdelivr.net/gh/ilsetanis/ava-vae-pins@main/ava-vae-esthetician-instagram-st-w37-29753370.png,Esthetician Instagram Story Ideas,,"Stories that match your feed, every day. 60 Esthetician Instagram story layouts in the Minimal edition: booking reminders, FAQs, before and after, open spots, all in soft greys, white space and clean sans-serif type. Drag your photos in, change the colors, post. Made for estheticians. Instant download, edit in free Canva.",https://www.etsy.com/listing/4481706707/skincare-instagram-story-templates-60?utm_source=pinterest&utm_medium=organic&utm_campaign=skincare&utm_content=ava-w37-p097,2026-09-14T17:53:00,"esthetician aesthetic, esthetician marketing, esthetician branding photoshoot, insta post ideas, skincare instagram feed, esthetician instagram captions, esthetician instagram story ideas, spa skincare aesthetic, esthetician highlight covers, esthetician instagram"
"Spray Tan Instagram Story Ideas, Done for You: 60 Minimal Stories for Spray Tan Artists",https://cdn.jsdelivr.net/gh/ilsetanis/ava-vae-pins@main/ava-vae-spray-tan-instagram-stor-w37-d7f9c1cd.png,Spray Tan Instagram Story Ideas,,"Stories that match your feed, every day. 60 Spray Tan Instagram story layouts in the Minimal edition: booking reminders, FAQs, before and after, open spots, all in soft greys, white space and clean sans-serif type. Drag your photos in, change the colors, post. Made for spray tan artists. Instant download, edit in free Canva.",https://avavae.com/product/spray-tan-instagram-story-templates?style=minimal&utm_source=pinterest&utm_medium=organic&utm_campaign=spray-tan&utm_content=ava-w37-p098,2026-09-14T19:01:00,"spray tan aesthetic, spray tan, self tan, insta post ideas, spray tan instagram posts, mobile spray tan business, glow up tips, glow studio aesthetic, spray tan instagram captions, spray tan business marketing"
Colorful Instagram Stories in Summer Brights: 60 Editable Layouts,https://cdn.jsdelivr.net/gh/ilsetanis/ava-vae-pins@main/ava-vae-ava-vae-shop-w37-05f03bff.png,Ava Vae Shop,,"One colorway, one calm feed. 60 Summer Brights Instagram story templates in bright coral, sunshine yellow and playful type, designed so every story matches the last. Swap your photos, keep your brand colors, post daily. Instant download.",https://avavae.com/product/summer-brights-instagram-story-templates?style=summer%20brights&utm_source=pinterest&utm_medium=organic&utm_campaign=stories&utm_content=ava-w37-p099,2026-09-14T19:55:00,"instagram story template, story instagram ideas, ig story ideas, aesthetic instagram stories, instagram feed aesthetic, beauty business instagram, small business instagram stories, instagram story ideas, instagram story templates canva, coaching instagram story templates"
Warm Neutral Instagram Story Templates: 60 Calm Stories for Coaches,https://cdn.jsdelivr.net/gh/ilsetanis/ava-vae-pins@main/ava-vae-ava-vae-shop-w37-f95b1cd3.png,Ava Vae Shop,,"Stories that stop the scroll and still look like you. The Warm Neutral kit gives you 60 Instagram story layouts in warm beige, plum and soft coaching-friendly type: tips, offers, FAQs, quotes and booking prompts. Drag your photos in, change the colors to your brand, export and post. Made for beauty pros, coaches and small studios. Instant download, edit in free Canva.",https://avavae.com/product/warm-neutral-instagram-story-templates?style=warm%20neutral&utm_source=pinterest&utm_medium=organic&utm_campaign=stories&utm_content=ava-w37-p100,2026-09-14T20:18:00,"instagram story template, story instagram ideas, ig story ideas, aesthetic instagram stories, small business instagram stories, instagram story ideas for business, instagram story design, beauty business instagram, instagram story templates, insta post ideas"
